1,ClickBus Master,clickbus@clickbus.com
4,NovoRio Master,novorio@clickbus.com
7,Helios Master,helios@clickbus.com
10,Real Expresso Master,real-expresso@clickbus.com
13,Rodoviarias.net Master,rodoviarias.net@clickbus.com
16,Araguarina Master,araguarina@clickbus.com
19,Xavante Master,xavante@clickbus.com
10080,Pluma Master,pluma@clickbus.com
10090,Serro Master,serro@clickbus.com
10100,Satélite Norte Master,satelite-norte@clickbus.com
10110,Sampaio Master,sampaio@clickbus.com
10120,Ipiranga Master,ipiranga@clickbus.com
10130,Rodoviária Tietê Master,tiete@clickbus.com
10140,Transportal Master,transportal@clickbus.com
10150,Açailandia Master,acailandia@clickbus.com
10180,Santana Master,santana@clickbus.com
10190,Planeta Master,planeta@clickbus.com
10200,Asatur Master,asatur@clickbus.com
10210,Princesa Morena Master,princesa-morena@clickbus.com
10220,Guia da Semana Master,guia-da-semana@clickbus.com
10230,Sandra Master,sandra@clickbus.com
10240,Verde Transportes Master,verde-transportes@clickbus.com
10250,Grupo Bamcaf Master,bamcaf@clickbus.com
10260,Emtram Master,emtram@clickbus.com
10270,Util Master,util@clickbus.com
10280,Expresso Guanabara Master,expresso-guanabara@clickbus.com
10290,São Luiz Master,sao-luiz@clickbus.com
10300,São Bento Master,sao-bento@clickbus.com
10310,Sertaneja Master,sertaneja@clickbus.com
10320,Teresópolis Master,teresopolis@clickbus.com
10330,Regional Master,regional@clickbus.com
10340,Jauá Master,jaua@clickbus.com
10360,Eldorado Master,eldorado@clickbus.com
10370,Santa Cruz Master,santa-cruz@clickbus.com
10380,Rápido Marajó Master,rapido-marajo@clickbus.com
10390,Expresso Maia Master,expresso-maia@clickbus.com
10400,Suassuí Master,suassui@clickbus.com
10410,Trans Acreana Master,trans-acreana@clickbus.com
10420,Calvip Master,calvip@clickbus.com
10430,Ipe Transporte Master,ipe-transporte@clickbus.com
10440,Marte Transportes Master,marte-transportes@clickbus.com
10450,São João Turismo Master,sao-joao@clickbus.com
10460,Cisne Branco Master,cisne-branco@clickbus.com
10470,Rápido D'Oeste Master,rapido-doeste@clickbus.com
10480,Cidade do Aço Master,cidade-do-aco@clickbus.com
10490,Boa Esperança Master,boa-esperanca@clickbus.com